type;source_sentence;target_sentence
1;Cieśla jest rzemieślnikiem specjalizującym się w obróbce drewna.;Osoba ciesielska jest rzemieślnikiem specjalizującym się w obróbce drewna.
1;Co robi cieśla w swojej pracy?;Co robi osoba ciesielska w swojej pracy?
1;Cieśla często sam powleka drewno środkami grzybobójczymi, owadobójczymi i uodparniającymi na ogień oraz przeciwdziałającymi przyczepności betonu do drewna.;Osoba ciesielska często sam powleka drewno środkami grzybobójczymi, owadobójczymi i uodparniającymi na ogień oraz przeciwdziałającymi przyczepności betonu do drewna.
1;Cieśla organizuje i wykonuje prace przy zastosowaniu narzędzi i sprzętu do robót ciesielskich, np. piła tarczowa, wiertarka, siekiera, ;Osoba ciesielska organizuje i wykonuje prace przy zastosowaniu narzędzi i sprzętu do robót ciesielskich, np. piła tarczowa, wiertarka, siekiera, 
1;Rozkład zarobków na stanowisku cieśla: miesięczne wynagrodzenie całkowite (mediana*) na tym stanowisku wynosi 7 380 PLN brutto.;Rozkład zarobków na stanowisku osoba ciesielska: miesięczne wynagrodzenie całkowite (mediana*) na tym stanowisku wynosi 7 380 PLN brutto.
0;Relacjonując to memu bratu, opuszczam różne własne domniemania, czy ów motyw jazdy na trasie z Bordeaux do Paryża, powtarzający się wiecznie w szczególikach, nie jest aby metaforycznym odpowiednikiem pewnych istotnych zdarzeń na jawie.;Relacjonując to memu bratu, opuszczam różne własne domniemania, czy ów motyw jazdy na trasie z Bordeaux do Paryża, powtarzający się wiecznie w szczególikach, nie jest aby metaforycznym odpowiednikiem pewnych istotnych zdarzeń na jawie.
1;Detektyw pracował dla aresztowanego ze Śląska, Henryka M. (51 l.).;Osoba detektywistyczna pracowała dla aresztowanego ze Śląska, Henryka M. (51 l.).
0;Byłem pewien, że pod kołami znajdę rozszarpane ciało - wzdryga się człowiek kierujący towarowym składem złożonym z trzech lokomotyw i trzydziestu pięciu załadowanych do pełna węglem wagonów, które przetoczyły się nad panem Stanisławem.;Byłem pewien, że pod kołami znajdę rozszarpane ciało - wzdryga się człowiek kierujący towarowym składem złożonym z trzech lokomotyw i trzydziestu pięciu załadowanych do pełna węglem wagonów, które przetoczyły się nad panem Stanisławem.
0;Udało się wprawdzie zamknąć dopływ gazy do budynku, jednak nie ustalili źródła wycieku.;Udało się wprawdzie zamknąć dopływ gazy do budynku, jednak nie ustalili źródła wycieku.
0;W ubiegłym roku wprowadził on zakaz sprzedawania prezerwatyw, ale musiał się z tego wycofać, gdyż władze zwierzchnie uznały to posunięcie za sprzeczne z konstytucją.;W ubiegłym roku wprowadził on zakaz sprzedawania prezerwatyw, ale musiał się z tego wycofać, gdyż władze zwierzchnie uznały to posunięcie za sprzeczne z konstytucją.
0;Wygrajmy także także tą batalię o wpływ na kształt życia społecznego.;Wygrajmy także także tą batalię o wpływ na kształt życia społecznego.
0;Przestrzeganie zasad dobrego udoju ma niewątpliwy wpływ na jakość pozyskanego przez rolnika surowca, a co za tym idzie na cenę, jaką producent mleka może za swój produkt uzyskać.;Przestrzeganie zasad dobrego udoju ma niewątpliwy wpływ na jakość pozyskanego przez rolnika surowca, a co za tym idzie na cenę, jaką producent mleka może za swój produkt uzyskać.
0;Największy szkodliwy wpływ może mieć niewłaściwe układanie i zagęszczanie.;Największy szkodliwy wpływ może mieć niewłaściwe układanie i zagęszczanie.
0;W stosunku do dekady poprzedniej najbardziej, bo o 2,6 proc. obniżyły się ceny ziemniaków, warzyw, owoców i ich przetworów.;W stosunku do dekady poprzedniej najbardziej, bo o 2,6 proc. obniżyły się ceny ziemniaków, warzyw, owoców i ich przetworów.
0;Obiektyw wsadził w szparę, rozchyloną jakby na ostatnie westchnienie.;Obiektyw wsadził w szparę, rozchyloną jakby na ostatnie westchnienie.
0;"Mam do sprzedania mało używany następujący sprzęt fotograficzny: aparat Zenit 122 z obiektywem MC HELIOS; 44m -7 (na gwarancji); obiektyw szerokokątny MC MNP - 20M; lampę błyskową SAKAR 77 AZ (liczba przewodnia 32, głowica w pełni obracalna, półautomat, na gwarancji).";"Mam do sprzedania mało używany następujący sprzęt fotograficzny: aparat Zenit 122 z obiektywem MC HELIOS; 44m -7 (na gwarancji); obiektyw szerokokątny MC MNP - 20M; lampę błyskową SAKAR 77 AZ (liczba przewodnia 32, głowica w pełni obracalna, półautomat, na gwarancji)."
0;To dlatego ostatnia sejmowa rozgrywka zamieniła się w jego porażkę - pisze Wiesław S. Dębski.;To dlatego ostatnia sejmowa rozgrywka zamieniła się w jego porażkę - pisze Wiesław S. Dębski.
0;Aktyw lewicowy zdołał przeprowadzić olbrzymią większość masy partyjnej na pozycję marksizmu-leninizmu i mimo wszystkie pomyłki masowa, półmilionowa partia robotnicza oczyszczając się z błędów i klasowo obcych naleciałości, staje dziś obok PPR jako współtwórczyni Polskiej Zjednoczonej Partii Robotniczej.;Aktyw lewicowy zdołał przeprowadzić olbrzymią większość masy partyjnej na pozycję marksizmu-leninizmu i mimo wszystkie pomyłki masowa, półmilionowa partia robotnicza oczyszczając się z błędów i klasowo obcych naleciałości, staje dziś obok PPR jako współtwórczyni Polskiej Zjednoczonej Partii Robotniczej.
0;"Stanie się to chyba z końcem 1961 roku - odpowiedział amerykański tygodnik ""Newsweek"" w noworocznej ankiecie na temat perspektyw dziesięciolecia 1960-1970.";"Stanie się to chyba z końcem 1961 roku - odpowiedział amerykański tygodnik ""Newsweek"" w noworocznej ankiecie na temat perspektyw dziesięciolecia 1960-1970."
1;Jak detektyw popatrzmy, co mówi o tym horoskop.;Jak osoba detektywistyczna popatrzmy, co mówi o tym horoskop.
0;"Mam do sprzedania prezentacje maturalną ""Motyw winy i katy w literaturze różnych epok"".";"Mam do sprzedania prezentacje maturalną ""Motyw winy i katy w literaturze różnych epok""."
0;Stąd ciągły napływ obcego kapitału na nasz rynek.;Stąd ciągły napływ obcego kapitału na nasz rynek.
0;Czy jakiś wpływ ma na to system kastowy?;Czy jakiś wpływ ma na to system kastowy?
1;Niestety, słynny detektyw z fajką w zębach odszedł przedwcześnie i nie zdążył wyjaśnić, kim był Bolek.;Niestety, słynna osoba detektywistyczna z fajką w zębach odeszła przedwcześnie i nie zdążyła wyjaśnić, kim był Bolek.
1;Pierwszą rzeczą, którą detektyw robi po uzyskaniu od klientki danych męża oraz danych podejrzanych o sypianie z nim kobiet, jest wejście na portal nasza-klasa.pl.;Pierwszą rzeczą, którą osoba detektywistyczna robi po uzyskaniu od klientki danych męża oraz danych podejrzanych o sypianie z nim kobiet, jest wejście na portal nasza-klasa.pl.
1;Siedzimy w ogrodzie: Varisella, jego przyjaciel Rafał R., prywatny detektyw i ja.;Siedzimy w ogrodzie: Varisella, jego przyjaciel Rafał R., prywatna osoba detektywistyczna i ja.
0;"Pierwszy z nich hm. W. Mucha-Kruczyński wspomniał harcerską drogę dh. ""Sowy"", jego 18-letnie komenderowanie hufcowi Szarych Szeregów i wiele harcerskich inicjatyw.";"Pierwszy z nich hm. W. Mucha-Kruczyński wspomniał harcerską drogę dh. ""Sowy"", jego 18-letnie komenderowanie hufcowi Szarych Szeregów i wiele harcerskich inicjatyw."
0;"Ks. Rydzyk zasłonił obiektyw ręką, a pracownicy ""Tormięsu"" pospiesznie zasłonili go transparentem.";"Ks. Rydzyk zasłonił obiektyw ręką, a pracownicy ""Tormięsu"" pospiesznie zasłonili go transparentem."
0;Jutro spływ starym korytem do Supraśla, następnie do Wasilkowa.;Jutro spływ starym korytem do Supraśla, następnie do Wasilkowa.
0;Jednocześnie wyraził ubolewanie, że nie dostosowujemy odpowiednio szybko naszego ustawodawstwa do dyrektyw unijnych.;Jednocześnie wyraził ubolewanie, że nie dostosowujemy odpowiednio szybko naszego ustawodawstwa do dyrektyw unijnych.
0;Rozrywka jest kołem zamachowym telefonii komórkowej, a MMS bardzo ją uatrakcyjnią.;Rozrywka jest kołem zamachowym telefonii komórkowej, a MMS bardzo ją uatrakcyjnią.
0;Jego zdaniem konflikt ujawnił brak perspektyw w takiej sytuacji.;Jego zdaniem konflikt ujawnił brak perspektyw w takiej sytuacji.
0;Następnie rozłożyła wysoki statyw, zawiesiła na nim pudełko, przeprowadziła od niego przezroczysty przewód do igły.;Następnie rozłożyła wysoki statyw, zawiesiła na nim pudełko, przeprowadziła od niego przezroczysty przewód do igły.
0;Przepływ informacji jest dobry.;Przepływ informacji jest dobry.
0;Stań, nie tak, ręka niżej, bądź milsza, twarz pochyl, spójrz w obiektyw!;Stań, nie tak, ręka niżej, bądź milsza, twarz pochyl, spójrz w obiektyw!
0;Wyciera palcami pot ze swojego czoła i smaruje nim obiektyw.;Wyciera palcami pot ze swojego czoła i smaruje nim obiektyw.
1;Najbardziej niepokorna z dziewiętnastowiecznych mieszczanek krakowskich i wyjątkowo skuteczna detektywka Zofia Szczupaczyńska na potrzeby francuskich czytelników przedzierżgnęła się w Zofię Turbotyńską!;Najbardziej niepokorna z dziewiętnastowiecznych mieszczanek krakowskich i wyjątkowo skuteczna osoba detektywistyczna Zofia Szczupaczyńska na potrzeby francuskich czytelników przedzierżgnęła się w Zofię Turbotyńską!
1;Detektywka udawała kelnerkę w klubie nocnym;Osoba detektywistyczna udawała kelnerkę w klubie nocnym
0;Z tendencją do przemieszczania się wyżów w niższe szerokości geograficzne jest związany napływ ciepłego powietrza w zachodniej części układu.;Z tendencją do przemieszczania się wyżów w niższe szerokości geograficzne jest związany napływ ciepłego powietrza w zachodniej części układu.
0;Śpią w noclegowni koło lokomotyw.;Śpią w noclegowni koło lokomotyw.
0;"Bostoński Kolektyw Zdrowia Kobiet publikuje słynną książkę  ""Our Bodies Our Selves"", rozbijającą mity dotyczące kwestii kobiecego orgazmu, masturbacji, menopauzy.";"Bostoński Kolektyw Zdrowia Kobiet publikuje słynną książkę  ""Our Bodies Our Selves"", rozbijającą mity dotyczące kwestii kobiecego orgazmu, masturbacji, menopauzy."
0;W 1993 r. Biłgoraj wraz z 200 innymi gminami stanął do organizowanego przez Ministerstwo Pracy konkursu wspierania inicjatyw lokalnych.;W 1993 r. Biłgoraj wraz z 200 innymi gminami stanął do organizowanego przez Ministerstwo Pracy konkursu wspierania inicjatyw lokalnych.
0;Nic dziwnego, że został zrobiony ze specjalnych tworzyw sztucznych, odpornych na niewielkie stłuczki na parkingu.;Nic dziwnego, że został zrobiony ze specjalnych tworzyw sztucznych, odpornych na niewielkie stłuczki na parkingu.
0;Drugi wariant proponuje tzw. normatyw, czyli uzależnienie wysokości spłaty od przeciętnego miesięcznego wynagrodzenia w kraju i wielkości mieszkania.;Drugi wariant proponuje tzw. normatyw, czyli uzależnienie wysokości spłaty od przeciętnego miesięcznego wynagrodzenia w kraju i wielkości mieszkania.
0;Jedyny pozytyw to to, że moja siostra ma dzisiaj 9 lekcji i moge na jej kompie siedzieć.;Jedyny pozytyw to to, że moja siostra ma dzisiaj 9 lekcji i moge na jej kompie siedzieć.
0;XM1, kamera cyfrowa firmy Canon, jest pierwszą domową kamerą wyposażoną w obiektyw, stosowany dotychczas tylko w profesjonalnym sprzęcie tej firmy;XM1, kamera cyfrowa firmy Canon, jest pierwszą domową kamerą wyposażoną w obiektyw, stosowany dotychczas tylko w profesjonalnym sprzęcie tej firmy
1;Rozwiązując swoją drugą zagadkę kryminalną, młoda detektywka po raz kolejny zabiera młodych czytelników w pasjonującą podróż po barwnym świecie opactwa benedyktyńskiego;Rozwiązując swoją drugą zagadkę kryminalną, młoda osoba detektywistyczna po raz kolejny zabiera młodych czytelników w pasjonującą podróż po barwnym świecie opactwa benedyktyńskiego
0;Miałeś rację, grzywka też powinna być krótka.;Miałeś rację, grzywka też powinna być krótka.
0;Czy jej brak ma istotny wpływ na jakość amerykańskiego systemu szkolnictwa wyższego?;Czy jej brak ma istotny wpływ na jakość amerykańskiego systemu szkolnictwa wyższego?
0;Odpowiada, że nawet w Unii Europejskiej nikt nie pokusił się o komentarz do tego rodzaju dyrektyw, więc i od polskich władz nie można oczekiwać ich technicznego precyzowania.;Odpowiada, że nawet w Unii Europejskiej nikt nie pokusił się o komentarz do tego rodzaju dyrektyw, więc i od polskich władz nie można oczekiwać ich technicznego precyzowania.
0;Mało kto podziela jednak eurolęki polityków przeciwnych integracji. Z jednym wyjątkiem: perspektyw dla rolnictwa.;Mało kto podziela jednak eurolęki polityków przeciwnych integracji. Z jednym wyjątkiem: perspektyw dla rolnictwa.
0;Osoby cierpiące na wyprysk nie powinny obierać warzyw oraz owoców cytrusowych bez osłony skóry rąk, przygotowywać przetworów zimowych z kwaśnych owoców.;Osoby cierpiące na wyprysk nie powinny obierać warzyw oraz owoców cytrusowych bez osłony skóry rąk, przygotowywać przetworów zimowych z kwaśnych owoców.
0;Przepływająca przez jezioro Lega umożliwia spływ kajakowy w kierunku Ełku, Rajgrodu i dalej do Warszawy.;Przepływająca przez jezioro Lega umożliwia spływ kajakowy w kierunku Ełku, Rajgrodu i dalej do Warszawy.
1;Detektyw precyzyjnym sztychem przeszył jego prawe ramię.;Osoba detektywistyczna precyzyjnym sztychem przeszyła jego prawe ramię.
1;Witam, odnalazłam akt w którym widnieje ekonom z Nadarzyna.;Witam, odnalazłam akt w którym widnieje osoba ekonomska z Nadarzyna.
1;Ten gastronom z niejednego projektu słynie.;Ten osoba gastronomska z niejednego projektu słynie.
1;Pracuję jako agronom w tutejszym Państwowym Ośrodku Maszynowym.;Pracuję jako osoba agronomska w tutejszym Państwowym Ośrodku Maszynowym.
1;Czysta ambrozja, tak odpowiednie, jak ten wielki gastronom powiedział, do charakteru tego boskiego pstrąga, na którego mnie coraz to większy apetyt zbiera.;Czysta ambrozja, tak odpowiednie, jak ta wielka osoba gastronomska powiedziała, do charakteru tego boskiego pstrąga, na którego mnie coraz to większy apetyt zbiera.
1;"Oto agronom K. Szadrin z Najwyższej Rady ZSRR, który kieruje kołchozem ""gigant"", znajdującym się na uboczu od kolei, obok Sałaiwskiego pasma gór.";"Oto osoba agronomska K. Szadrin z Najwyższej Rady ZSRR, który kieruje kołchozem ""gigant"", znajdującym się na uboczu od kolei, obok Sałaiwskiego pasma gór."
1;Przemawia w nich astronom?;Przemawia w nich osoba astronomska?
1;Agronomka w białym płaszczu sprawdza wzrost roślin na polu.;Osoba agronomska w białym płaszczu sprawdza wzrost roślin na polu.
1;Sprawność harcerska astronomka udowadnia zdobycie wiedzy z zakresu astronomii;Sprawność harcerska osoba astronomska udowadnia zdobycie wiedzy z zakresu astronomii
1;Potem stał się elementem symboliki chrześcijańskiej charakterystycznej dla Wielkanocy - wyjaśnia Elżbieta Kaczmarek (57 l.), etnograf z Muzeum Warmii i Mazur w Olsztynie.;Potem stał się elementem symboliki chrześcijańskiej charakterystycznej dla Wielkanocy - wyjaśnia Elżbieta Kaczmarek (57 l.), osoba zajmująca się etnografią z Muzeum Warmii i Mazur w Olsztynie.
0;Także w Szpitalu Powiatowym funkcjonuje mammograf, na którym można dokonywać regularnych badań piersi. Raz w miesiącu w budynku Urzędu Miejskiego przy ulicy Parkowej pełni swoje dyżury pielęgniarka, która prowadzi szkolenia dla kobiet w zakresie samokontroli piersi.;Także w Szpitalu Powiatowym funkcjonuje mammograf, na którym można dokonywać regularnych badań piersi. Raz w miesiącu w budynku Urzędu Miejskiego przy ulicy Parkowej pełni swoje dyżury pielęgniarka, która prowadzi szkolenia dla kobiet w zakresie samokontroli piersi.
0;Czy nie zdawał sobie sprawy, że po erze telegrafu przychodzi zwykle czas na telegraf bez drutu?;Czy nie zdawał sobie sprawy, że po erze telegrafu przychodzi zwykle czas na telegraf bez drutu?
0;Tak że nie, nie ma z petentami nic wspólnego, tylko tam wiesz odpowiedni paragraf dostosowuje do odpowiedniego wniosku.;Tak że nie, nie ma z petentami nic wspólnego, tylko tam wiesz odpowiedni paragraf dostosowuje do odpowiedniego wniosku.
1;Dariusz Karłowicz, filozof, dostał fuchę w kaczej telewizji (patrz Marek A. Cichocki).;Dariusz Karłowicz, osoba zajmująca się filozofią, dostał fuchę w kaczej telewizji (patrz Marek A. Cichocki).
0;Jego nazwa dobrze jest znana poznańskim kobietom - mammograf.;Jego nazwa dobrze jest znana poznańskim kobietom - mammograf.
0;Pozostała jedna szansa na autograf.;Pozostała jedna szansa na autograf.
1;Badania polskiej sztuki ludowej prowadziła na jesieni 1959 r. angielska etnografka Pearl Binder.;Badania polskiej sztuki ludowej prowadziła na jesieni 1959 r. angielska osoba zajmująca się etnografią Pearl Binder.
1;Po chwili przyjechał fotograf i wszystko stało się jasne.;Po chwili przyjechał fotograf i wszystko stało się jasne.
1;W maju i październiku 2-osobowa grupa (w tym etnograf) przeprowadziła 5-dniowe badania terenowe w Rudawie, Brzezince i Radwanowicach w pow. Chrzanów.;W maju i październiku 2-osobowa grupa (w tym osoba zajmująca się etnografią) przeprowadziła 5-dniowe badania terenowe w Rudawie, Brzezince i Radwanowicach w pow. Chrzanów.
1;Czy filozof jest jeszcze potrzebny gdy wiedza wyprzedza filozofię?;Czy osoba zajmująca się filozofią jest jeszcze potrzebna gdy wiedza wyprzedza filozofię?
1;Stary stenograf najpierw westchnął, a potem rozpostarł ręce, wyciągnął je ku niebu i krzyknął.;Stary stenograf najpierw westchnął, a potem rozpostarł ręce, wyciągnął je ku niebu i krzyknął.
0;Ty masz jeszcze na ten tomograf głowy.;Ty masz jeszcze na ten tomograf głowy.
1;Przedwojenny etnograf, Roman Reinfuss twierdzi, że nazwa ta, która w nauce ma charakter pojęcia etnograficznego, w poczuciu ludu ma zabarwienie polityczne.;Przedwojenna osoba zajmująca się etnografią, Roman Reinfuss twierdzi, że nazwa ta, która w nauce ma charakter pojęcia etnograficznego, w poczuciu ludu ma zabarwienie polityczne.
0;Tomograf komputerowy pozwala znaleźć chorą tkankę.;Tomograf komputerowy pozwala znaleźć chorą tkankę.
1;Pewnego dnia fotograf odkryje prawdę i będzie musiał zdecydować: czy kocha miłą powierzchowność Noelle czy fascynującą osobowość, ale i niezbyt kształtną figurę Abby.;Pewnego dnia osoba zajmująca się fotografią odkryje prawdę i będzie musiała zdecydować: czy kocha miłą powierzchowność Noelle czy fascynującą osobowość, ale i niezbyt kształtną figurę Abby.
0;Bo ja składałam zamówienie na oficjalnej stronie, wysłałam niedawno list do brata Dody, ale mam jeszcze prywatny adres jej rodziców, ale tam mi głupio pisać. I dlatego jestem ciekawa skąd Ty masz, bo chciałabym wiedzieć czy mam co liczyć na jej graf. A nie ukrywam, że mi bardzo zalezy na jej podpisie ^^ O mój Boże!;Bo ja składałam zamówienie na oficjalnej stronie, wysłałam niedawno list do brata Dody, ale mam jeszcze prywatny adres jej rodziców, ale tam mi głupio pisać. I dlatego jestem ciekawa skąd Ty masz, bo chciałabym wiedzieć czy mam co liczyć na jej graf. A nie ukrywam, że mi bardzo zalezy na jej podpisie ^^ O mój Boże!
0;Mi Sławek Borowiecki napisał na nk, że wyśle mi autograf przez e-maila!;Mi Sławek Borowiecki napisał na nk, że wyśle mi autograf przez e-maila!
0;Dostałem niedawno autograf od Matta Le Blanc (ze studiofanmail).;Dostałem niedawno autograf od Matta Le Blanc (ze studiofanmail).
0;A tak poza tym, Tobie nie kończą się jeszcze wakacje, bo jakoś tak dziwnie napisałaś... Ja jestem na studiach i mam jeszcze miesiąc wolnego No do mnie przyszedł Wieleba, Płoszajski i Video (pisałam już wcześniej). W sumie to i tak teraz są wakacje i pewnie gwiazdy mają urlop. Hymmm... Chociaż prawdę mówiąc już połowa sierpnia nie długo i powinni wracać do roboty Ale próbować warto. Życzę powodzenia. Do Wenta miałam adres z jego oficialnej, polskiej strony. Moja kolezanka dostała o niego (niestety po około roku) orginalny autograf. Ja lubię Natalię, dlatego zapytałam czy jest możliwość otrzymania singla. Singla nie dostałam, tylko płytę i DVD. Dostałam, bo naprawdę lubię Natalię, a nie tylko dlatego, ze rzucam się na wszystko co wysyłają, bo za darmo;A tak poza tym, Tobie nie kończą się jeszcze wakacje, bo jakoś tak dziwnie napisałaś... Ja jestem na studiach i mam jeszcze miesiąc wolnego No do mnie przyszedł Wieleba, Płoszajski i Video (pisałam już wcześniej). W sumie to i tak teraz są wakacje i pewnie gwiazdy mają urlop. Hymmm... Chociaż prawdę mówiąc już połowa sierpnia nie długo i powinni wracać do roboty Ale próbować warto. Życzę powodzenia. Do Wenta miałam adres z jego oficialnej, polskiej strony. Moja kolezanka dostała o niego (niestety po około roku) orginalny autograf. Ja lubię Natalię, dlatego zapytałam czy jest możliwość otrzymania singla. Singla nie dostałam, tylko płytę i DVD. Dostałam, bo naprawdę lubię Natalię, a nie tylko dlatego, ze rzucam się na wszystko co wysyłają, bo za darmo
1;Czy zatem sytuacja dwóch najludniejszych krajów, gdzie mieszka więcej niż jedna trzecia ludzkości, dowodzi, że XIX-wieczny demograf ma rację?;Czy zatem sytuacja dwóch najludniejszych krajów, gdzie mieszka więcej niż jedna trzecia ludzkości, dowodzi, że XIX-wieczna osoba zajmująca się demografią ma rację?
0;W jednej kieszeni Pismo Św., w drugiej granaty – i ryngraf na kamizelce kuloodpornej.;W jednej kieszeni Pismo Św., w drugiej granaty – i ryngraf na kamizelce kuloodpornej.
1;Ortopeda rozpoznaje, leczy i kieruje rehabilitacją osób z chorobami i wadami narządów ruchu.;Osoba ortopedzka rozpoznaje, leczy i kieruje rehabilitacją osób z chorobami i wadami narządów ruchu.
1;Taka ortopedka jak nasza jest jedna na milion;Taka osoba ortopedzka jak nasza jest jedna na milion
1;Anna Gowin to doświadczona logopedka, mama trójki dzieci. ;Anna Gowin to doświadczona osoba logopedzka, mama trójki dzieci. 
1;Logopedka może poczuć na własnej skórze, a właściwie na własnym języku, jak wygląda życie z aparatem ruchomym.;Osoba logopedzka może poczuć na własnej skórze, a właściwie na własnym języku, jak wygląda życie z aparatem ruchomym.
1;Logopeda diagnozuje i leczy wady wymowy u dzieci i dorosłych. ;Osoba logopedzka diagnozuje i leczy wady wymowy u dzieci i dorosłych. 
0;Torpeda F21 mierzy sześć metrów długości i waży około 1,5 tony.;Torpeda F21 mierzy sześć metrów długości i waży około 1,5 tony.
0;Wodoodporna kredka do oczu to najlepsze rozwiązanie dla osób, które chcą, aby ich makijaż utrzymał się przez cały dzień, niezależnie od warunków pogodowych.;Wodoodporna kredka do oczu to najlepsze rozwiązanie dla osób, które chcą, aby ich makijaż utrzymał się przez cały dzień, niezależnie od warunków pogodowych.
1;Pamiętamy o niej, darzymy zaufaniem i sympatią - mówi burmistrz Lidia Grabowska.;Pamiętamy o niej, darzymy zaufaniem i sympatią - mówi osoba burmistrzowska Lidia Grabowska.
1;Marek Wolski, burmistrz Jędrzejowa, zapewnia nas, że zaprosił Gosiewskiego tylko do wspólnego spaceru po stadionie.;Marek Wolski, osoba burmistrzowska Jędrzejowa, zapewnia nas, że zaprosił Gosiewskiego tylko do wspólnego spaceru po stadionie.
1;Słowo PiS ani partia nie padło - opowiada burmistrz Jędrzejowa.;Słowo PiS ani partia nie padło - opowiada osoba burmistrzowska Jędrzejowa.
1;Trudno, by burmistrz odganiał ich od mikrofonu.;Trudno, by osoba burmistrzowska odganiała ich od mikrofonu.
1;"Wiceburmistrz Polkowic Stanisława Bocian skierowała w tej sprawie protest do KGHM, uznając za ""niedopuszczalne, aby działalność spółki powodowała takie zagrożenia dla mieszkańców gminy"".";"Osoba wiceburmistrzowska Polkowic Stanisława Bocian skierowała w tej sprawie protest do KGHM, uznając za ""niedopuszczalne, aby działalność spółki powodowała takie zagrożenia dla mieszkańców gminy""."
1;Współpracowałem z SB - ujawnia Roman Wrocławski, mistrz świata z 1982 roku.;Współpracowałem z SB - ujawnia Roman Wrocławski, osoba mistrzowska świata z 1982 roku.
1;Burmistrz brazylijskiego miasta Bocaiura do Sul w stanie Parana, ogłosił bezpłatne rozdawanie mężczyznom viagry.;Osoba burmistrzowska brazylijskiego miasta Bocaiura do Sul w stanie Parana, ogłosiła bezpłatne rozdawanie mężczyznom viagry.
1;Burmistrz gwarantuje, że w tym roku fajerwerki będą bardzo efektowne.;Osoba burmistrzowska gwarantuje, że w tym roku fajerwerki będą bardzo efektowne.
1;Dzieło nie jest dokończone, ale twarz, głowę, ramiona mistrz zdążył już oddać w szczegółach.;Dzieło nie jest dokończone, ale twarz, głowę, ramiona osoba mistrzowska zdążyła już oddać w szczegółach.
1;Burmistrz koordynuje funkcjonowanie krajowego systemu ratowniczo-gaśniczego na obszarze gminy.;Osoba burmistrzowska koordynuje funkcjonowanie krajowego systemu ratowniczo-gaśniczego na obszarze gminy.
1;Uczył w szkołach podstawowych, średnich i studium, w latach 1990-1994 wiceburmistrz gminy Ćmielów.;Uczył w szkołach podstawowych, średnich i studium, w latach 1990-1994 osoba wiceburmistrzowska gminy Ćmielów.
1;Wydawnictwo Amber pomaga nam zrozumieć, z kim mamy do czynienia: mistrz thrillera prawniczego, chlubnie kontynuujący tradycję Johna Grishama.;Wydawnictwo Amber pomaga nam zrozumieć, z kim mamy do czynienia: osoba mistrzowska thrillera prawniczego, chlubnie kontynuująca tradycję Johna Grishama.
1;Chce ich promować np. sam mistrz, który ma jeden ze swoich salonów także w Lublinie.;Chce ich promować np. sama osoba mistrzowska, która ma jeden ze swoich salonów także w Lublinie.
1;Burmistrz wyjaśnia, że są trudności w porozumieniu się z Urzędem Rejonowym.;Osoba burmistrzowska wyjaśnia, że są trudności w porozumieniu się z Urzędem Rejonowym.
1;Jak się dowiedzieliśmy, nie ma obowiązku rozpisywania konkursu na radę, a burmistrz miasta obligatoryjnie powołuje organ do życia, co też uczynił.;Jak się dowiedzieliśmy, nie ma obowiązku rozpisywania konkursu na radę, a osoba burmistrzowska miasta obligatoryjnie powołuje organ do życia, co też uczyniła.
1;Kim w ogóle ma być burmistrz?;Kim w ogóle ma być osoba burmistrzowska?
1;Babcia chciała kupić dolary w Iławie, ale zegarmistrz żądał po sto dziesięć złotych.;Babcia chciała kupić dolary w Iławie, ale osoba zegarmistrzowska żądała po sto dziesięć złotych.
1;Lekcja kończy się rozczarowaniem, ale mistrz wydaje się daleki od rezygnacji.;Lekcja kończy się rozczarowaniem, ale osoba mistrzowska wydaje się daleka od rezygnacji.
1;Ośrodkowi patronować ma zawodowy mistrz świata.;Ośrodkowi patronować ma zawodowa osoba mistrzowska świata.
1;Niekoniecznie musi być nim profesjonalny kuchmistrz.;Niekoniecznie musi być nim profesjonalna osoba kuchmistrzowska.
1;Był wielki świat - wstęgę przecinał wraz z Andrzejam Stochem i Romanem Bulasem wiceburmistrz, a wokół szwedzkiego stołu krzątały się rzesze zaproszonych i przygodnych gości.;Był wielki świat - wstęgę przecinała wraz z Andrzejam Stochem i Romanem Bulasem osoba wiceburmistrzowska, a wokół szwedzkiego stołu krzątały się rzesze zaproszonych i przygodnych gości.
1;Amerykański eskmistrz świata wagi ciężkiej Mike Tyson (na zdjęciu) powraca na ring po odzyskaniu licencji.;Amerykańska osoba eksmistrzowska świata wagi ciężkiej Mike Tyson (na zdjęciu) powraca na ring po odzyskaniu licencji.
1;FC Nantes - mistrz Francji, który wygrał w Paryżu przed rokiem 3:0, został rozgromiony w sobotę 5:0.;FC Nantes - osoba mistrzowska Francji, która wygrała w Paryżu przed rokiem 3:0, została rozgromiona w sobotę 5:0.
1;"""Tylko uprzedzam, konia trzeba będzie samemu czyścić""  - przestrzegał rotmistrz.";"""Tylko uprzedzam, konia trzeba będzie samemu czyścić""  - przestrzegała osoba rotmistrzowska."
1;Przypomnijmy, że w marcu do powiatu gostyńskiego przyjechali Klaus Behrens, burmistrz powiatowego miasta Hoxter.;Przypomnijmy, że w marcu do powiatu gostyńskiego przyjechali Klaus Behrens, osoba burmistrzowska powiatowego miasta Hoxter.
1;Jednocześnie burmistrz gminy w Pelplinie zwrócił się o pomoc finansową związaną z organizacją wizyty Jana Pawła II.;Jednocześnie osoba burmistrzowska gminy w Pelplinie zwróciła się o pomoc finansową związaną z organizacją wizyty Jana Pawła II.
1;Baletmistrzyni urodziła się w Puerto Rico.;Osoba baletmistrzowska urodziła się w Puerto Rico.
1;Baletmistrzyni przez ostatnie tygodnie przygotowywała pary solowe do premiery GISELLE Adolphe'a Adama.;Osoba baletmistrzowska przez ostatnie tygodnie przygotowywała pary solowe do premiery GISELLE Adolphe'a Adama.
1;Rachmistrz to osoba zawodowo zajmująca się liczeniem, głównie przeliczaniem ksiąg przychodów i rozchodów.;Osoba rachmistrzowska to osoba zawodowo zajmująca się liczeniem, głównie przeliczaniem ksiąg przychodów i rozchodów.
1;"Była mistrzyni świata w boksie, Agnieszka Rylik, znana również jako ""Lady Tyson"", ma poważne problemy ze zdrowiem.";"Była osoba mistrzowska świata w boksie, Agnieszka Rylik, znana również jako ""Lady Tyson"", ma poważne problemy ze zdrowiem."
1;- Postawiłam sprawę na radzie gminy - opowiada pani burmistrz.;- Postawiłam sprawę na radzie gminy - opowiada osoba burmistrzowska.
1;Muzeum homoseksualizmu otwierał nadburmistrz Berlina Klaus Wowereit.;Muzeum homoseksualizmu otwierała osoba nadburmistrzowska Berlina Klaus Wowereit.
1;Burmistrz Ustki rzucił się do budowania największego w Polsce kompleksu boisk do siatkówki, a władze Debrzna nie zapomniały o elektrowni jądrowej.;Burmistrz Ustki rzucił się do budowania największego w Polsce kompleksu boisk do siatkówki, a władze Debrzna nie zapomniały o elektrowni jądrowej.
1;To będzie nas kosztować około 5 tysięcy zł, ale trzeba w to zainwestować, bo na razie ani ja, ani oni nie są w stanie zdecydować z czystym sumieniem, gdzie będzie nam lepiej - dodaje burmistrz.;To będzie nas kosztować około 5 tysięcy zł, ale trzeba w to zainwestować, bo na razie ani ja, ani oni nie są w stanie zdecydować z czystym sumieniem, gdzie będzie nam lepiej - dodaje osoba burmistrzowska.
1;Zapytała ją o to psycholożka.;Zapytała ją o to osoba psychologiczna.
1;Niezależnie więc od tego, co tak naprawdę myślą o Dziwiszu, liczą, że spłynie na nich publiczna łaska papieża - tłumaczy psycholog.;Niezależnie więc od tego, co tak naprawdę myślą o Dziwiszu, liczą, że spłynie na nich publiczna łaska papieża - tłumaczy osoba psychologiczna.
1;Dziś przyszła do nas psycholog i próbowała wyjaśnić, co się stało.;Dziś przyszła do nas osoba psychologiczna i próbowała wyjaśnić, co się stało.
1;Biegły seksuolog stwierdził, że mężczyzna ma skłonność do gerontofilii - cierpiący na tę dewiację czują zadowolenie seksualne tylko w kontaktach ze starszymi osobami.;Biegła osoba seksuologiczna stwierdziła, że mężczyzna ma skłonność do gerontofilii - cierpiący na tę dewiację czują zadowolenie seksualne tylko w kontaktach ze starszymi osobami.
1;Zdania na temat tego, co zrobiła pedagożka, są podzielone.;Zdania na temat tego, co zrobiła osoba pedagogiczna, są podzielone.
1;Natomiast wiem , że żaden ekolog nie zaprotestował z powodu tego, że ludziom kazano pracować w jednej z najbardziej dochodowych fabryk na trzeciej zmianie w niedziele.;Natomiast wiem , że żadna osoba ekologiczna nie zaprotestowała z powodu tego, że ludziom kazano pracować w jednej z najbardziej dochodowych fabryk na trzeciej zmianie w niedziele.
1;Pedagożka mówi, o co chodzi w tzw. ustawie Kamilka;Osoba pedagogiczna mówi, o co chodzi w tzw. ustawie Kamilka
1;Mówi, że filolożka spokojnie mogłaby zrezygnować z pracy i utrzymywać się jedynie z udzielania korepetycji.;Mówi, że osoba filologiczna spokojnie mogłaby zrezygnować z pracy i utrzymywać się jedynie z udzielania korepetycji.
1;O, niech pan łaskawie spojrzy tu, na ten nekrolog.;O, niech pan łaskawie spojrzy tu, na ten nekrolog.
0;Poprawka nr 8 rozszerza katalog organów, którym w czasie stanu wyjątkowego można nakazać wykonywanie czynności technicznych niezbędnych do prowadzenia cenzury lub kontroli, o organy administracji samorządowej, usuwając jednocześnie błąd w nazwie organów administracji rządowej w województwie.;Poprawka nr 8 rozszerza katalog organów, którym w czasie stanu wyjątkowego można nakazać wykonywanie czynności technicznych niezbędnych do prowadzenia cenzury lub kontroli, o organy administracji samorządowej, usuwając jednocześnie błąd w nazwie organów administracji rządowej w województwie.
0;Takim typowym świeckim nekrologiem jest nekrolog który po prostu zawiadamia o śmierci konkretnego człowieka i o dacie i miejscu jego pochowania.;Takim typowym świeckim nekrologiem jest nekrolog który po prostu zawiadamia o śmierci konkretnego człowieka i o dacie i miejscu jego pochowania.
1;Dotyczy to także tolerancji, która była kryptonimem różnych poglądów - bronił kolegi, z którym przez wiele lat pracował jako pedagog.;Dotyczy to także tolerancji, która była kryptonimem różnych poglądów - bronił kolegi, z którym przez wiele lat pracował jako osoba pedagogiczna.
1;Przed sądem w Opolu stanie ginekolog: zdaniem prokuratury wmawia pacjentkom, że są w ciąży, i wyłudza od nich pieniądze za fikcyjne zabiegi aborcyjne.;Przed sądem w Opolu stanie osoba ginekologiczna: zdaniem prokuratury wmawia pacjentkom, że są w ciąży, i wyłudza od nich pieniądze za fikcyjne zabiegi aborcyjne.
1;Najwidoczniej miał tego dość – przypuszcza w gazetach seksuolog.;Najwidoczniej miał tego dość – przypuszcza w gazetach osoba seksuologiczna.
1;Za największego znawcę ich zachowań uchodzi holenderski prymatolog.;Za największego znawcę ich zachowań uchodzi holenderska osoba prymatologiczna.
1;"Socjolog twierdzi, że tylko ucieczka w ortodoksję może przedłużyć życie społeczności, która za cel obiera sobie permanentne ""nie"" dla świata zewnętrznego.";"Osoba socjologiczna twierdzi, że tylko ucieczka w ortodoksję może przedłużyć życie społeczności, która za cel obiera sobie permanentne ""nie"" dla świata zewnętrznego."
1;Jego dziecko, onkolog, należy do komunistycznej inteligencji, która po wojnie domowej i upadku ELAS - jeśli udało jej się uniknąć plutonu egzekucyjnego czy obozów reedukacyjnych - rozproszyła się na emigracji, głównie w Europie Wschodniej.;Jego dziecko, osoba onkologiczna, należy do komunistycznej inteligencji, która po wojnie domowej i upadku ELAS - jeśli udało jej się uniknąć plutonu egzekucyjnego czy obozów reedukacyjnych - rozproszyła się na emigracji, głównie w Europie Wschodniej.
0;Księgę zamyka niewielki epilog spisany prozą (42, 7-7), składający się z dwóch części.;Księgę zamyka niewielki epilog spisany prozą (42, 7-7), składający się z dwóch części.
0;Tak, blog ma trochę skomplikowaną nazwę.;Tak, blog ma trochę skomplikowaną nazwę.
1;Punkowcy zamanifestowali, że nie tylko motocykliści mają prawo do takich skór - tłumaczy Mirosław Pęczak, socjolog.;Punkowcy zamanifestowali, że nie tylko motocykliści mają prawo do takich skór - tłumaczy Mirosław Pęczak, osoba socjologiczna.
0;Dialog półinteligentów równa się monologowi ćwierćinteligenta.;Dialog półinteligentów równa się monologowi ćwierćinteligenta.
1;Znajomy onkolog podpowie, gdzie są dobre i bezpłatne badania.;Znajoma osoba onkologiczna podpowie, gdzie są dobre i bezpłatne badania.
0;Cholera to na pewno Bareje też na indeks wezmą i zakażą, za kultowy monolog o popierdoloności narodu francuskiego.;Cholera to na pewno Bareje też na indeks wezmą i zakażą, za kultowy monolog o popierdoloności narodu francuskiego.
0;W porozumieniu podkreślono, że zasadami działania rządu koalicyjnego są: sprawiedliwe rozkładanie wyrzeczeń, przy konsekwentnej ochronie najbiedniejszych, poszanowanie demokracji, otwarcie na dialog społeczny.;W porozumieniu podkreślono, że zasadami działania rządu koalicyjnego są: sprawiedliwe rozkładanie wyrzeczeń, przy konsekwentnej ochronie najbiedniejszych, poszanowanie demokracji, otwarcie na dialog społeczny.
1;Na znalezisko natknął się archeolog wynajęty do prac przez Wojewódzkie Służby Ochrony Zabytków w Olsztynie.;Na znalezisko natknął się osoba archeologiczna wynajęta do prac przez Wojewódzkie Służby Ochrony Zabytków w Olsztynie.
1;Psycholog Jagna Ambroziak rozmawia z Pauliną (28 lat), której chłopak nagle stał się domatorem.;Psycholog Jagna Ambroziak rozmawia z Pauliną (28 lat), której chłopak nagle stał się domatorem.
1;Chociaż może drugim punktem ich statutu jest stwierdzenie, że ekolog ma zawsze racje, obojętnie jakie są argumenty drugiej strony.;Chociaż może drugim punktem ich statutu jest stwierdzenie, że osoba ekologiczna ma zawsze racje, obojętnie jakie są argumenty drugiej strony.
0;Na próżno byśmy jednak poszukiwali tych utworów w różnego rodzaju bibliografiach, z Estreicherową na czele, jak również w Centralnym Katalogu Starych Druków, pieczołowicie uzupełnianym przez pracowników Biblioteki Narodowej, w której się ów katalog znajduje.;Na próżno byśmy jednak poszukiwali tych utworów w różnego rodzaju bibliografiach, z Estreicherową na czele, jak również w Centralnym Katalogu Starych Druków, pieczołowicie uzupełnianym przez pracowników Biblioteki Narodowej, w której się ów katalog znajduje.
0;Katalog - jak twierdzi - zawiera dane ok. 80 proc. firm działających w województwie.;Katalog - jak twierdzi - zawiera dane ok. 80 proc. firm działających w województwie.
0;Wydawało mi się, że prowadzę z drzewem bezgłośny dialog.;Wydawało mi się, że prowadzę z drzewem bezgłośny dialog.
0;Jest nekrolog: jakiś staruszek, ponad dziewięćdziesiąt lat.;Jest nekrolog: jakiś staruszek, ponad dziewięćdziesiąt lat.
1;Dlatego postanowiliśmy do szkoły zaprosić osobę, który tłumaczy, jakie to niebezpieczne - dodaje pedagog szkoły.;Dlatego postanowiliśmy do szkoły zaprosić osobę, który tłumaczy, jakie to niebezpieczne - dodaje osoba pedagogiczna szkoły.
1;Potem socjolog wywodził coś bardzo teoretycznie.;Potem osoba socjologiczna wywodziła coś bardzo teoretycznie.
0;Zakończył dialog mówiący o polskich wydarzeniach więcej niż powie niejedna książka.;Zakończył dialog mówiący o polskich wydarzeniach więcej niż powie niejedna książka.
1;Biolog z University of Texas w Austin, wystąpił z interesującą sugestią – być może nasze upodobanie do alkoholu zrodziło się jako pożyteczne przystosowanie pomagające w przeszłości naszemu gatunkowi przeżyć trudne czasy niedostatku pożywienia.;Osoba biologiczna z University of Texas w Austin, wystąpił z interesującą sugestią – być może nasze upodobanie do alkoholu zrodziło się jako pożyteczne przystosowanie pomagające w przeszłości naszemu gatunkowi przeżyć trudne czasy niedostatku pożywienia.
1;Astrobiolog Bruce Runnegar wraz z kolegami z University of California w Los Angeles wysunął dość nietypową hipotezę, że zarzewiem katastrofy było drobne, chaotyczne zakłócenie w ruchu planet.;Osoba astrobiologiczna Bruce Runnegar wraz z kolegami z University of California w Los Angeles wysunął dość nietypową hipotezę, że zarzewiem katastrofy było drobne, chaotyczne zakłócenie w ruchu planet.
1;Przypatrywałem się mu w jego rozmaitych wcieleniach, jak entomolog przypatruje się swym lotnym ofiarom, kiedy dostaną się już w jego siatkę - to znaczy: bezlitośnie, lecz nie beznamiętnie.;Przypatrywałem się mu w jego rozmaitych wcieleniach, jak osoba entomologiczna przypatruje się swym lotnym ofiarom, kiedy dostaną się już w jego siatkę - to znaczy: bezlitośnie, lecz nie beznamiętnie.
1;Polakom podoba się ten rozmach, imponuje mnogość towarów - twierdzi psycholog.;Polakom podoba się ten rozmach, imponuje mnogość towarów - twierdzi osoba psychologiczna.
1;Syndrom wyuczonej bezradności sprawia, że tak naprawdę nie mają ochoty rezygnować z życia na dworcach - przypomina psycholog.;Syndrom wyuczonej bezradności sprawia, że tak naprawdę nie mają ochoty rezygnować z życia na dworcach - przypomina osoba psychologiczna.
1;O pogorszeniu się klimatu wokół polityki w ostatnich latach, zwiększeniu rozczarowania i poczucia dystansu do polityków mówi socjolog z Uniwersytetu Warszawskiego.;O pogorszeniu się klimatu wokół polityki w ostatnich latach, zwiększeniu rozczarowania i poczucia dystansu do polityków mówi osoba socjologiczna z Uniwersytetu Warszawskiego.
1;Jest pan znany jako wybitny sowietolog.;Jest pan znany jako wybitna osoba sowietologiczna.
1;Również niemal do ostatniej chwili władze miały nadzieję, że jednak zgodzi się wejść do Rady prof. Stanisław Stomma, który początkowo zaakceptował propozycję, lecz później zmienił zdanie, podobnie jak znany socjolog.;Również niemal do ostatniej chwili władze miały nadzieję, że jednak zgodzi się wejść do Rady prof. Stanisław Stomma, który początkowo zaakceptował propozycję, lecz później zmienił zdanie, podobnie jak znana osoba socjologiczna.
1;Kto wie, czy pamięć o tej tragedii nie była powodem, że matka Andrzeja nie zabrała chłopca do swojej nowej rodziny - zastanawia się pedagog.;Kto wie, czy pamięć o tej tragedii nie była powodem, że matka Andrzeja nie zabrała chłopca do swojej nowej rodziny - zastanawia się osoba pedagogiczna.
0;Ów blog dziennikarze ocenili również bardzo wysoko.;Ów blog dziennikarze ocenili również bardzo wysoko.
1;"Sądzę, że bystry socjolog mógłby napisać potężne dzieło wykazując, że rewolta ""teenagerów"", frustracja młodzieży, ucieczka talentów spowodowane są brakiem wizji i planu.";"Sądzę, że bystra osoba socjologiczna mogłaby napisać potężne dzieło wykazując, że rewolta ""teenagerów"", frustracja młodzieży, ucieczka talentów spowodowane są brakiem wizji i planu."
1;Na ich podstawie grafolog jest w stanie określić m.in. płeć, wiek, czy zawód autora, a często także i inne jego cechy (odmienność pisma u alkoholików, narkomanów, samobójców oraz osób chorych psychicznie).;Na ich podstawie osoba grafologiczna jest w stanie określić m.in. płeć, wiek, czy zawód autora, a często także i inne jego cechy (odmienność pisma u alkoholików, narkomanów, samobójców oraz osób chorych psychicznie).
1;Podolog w swojej codziennej pracy zajmuje się dbaniem o ludzkie stopy.;Osoba podologiczna w swojej codziennej pracy zajmuje się dbaniem o ludzkie stopy.
1;Płockie zoo nie zdążyło na czas przygotować inkubatora i dlatego przywieźli jajo do nas - powiedział nam ornitolog z warszawskiego zoo.;Płockie zoo nie zdążyło na czas przygotować inkubatora i dlatego przywieźli jajo do nas - powiedziała nam osoba ornitologiczna z warszawskiego zoo.
0;Na tych pięknych pytaniach, choć jakże dojmujących, monolog jej postaci adresowany do mnie urwał się niespodzianie.;Na tych pięknych pytaniach, choć jakże dojmujących, monolog jej postaci adresowany do mnie urwał się niespodzianie.
1;30 lat temu austriacki biolog otrzymał Nagrodę Nobla za odkrycie sposobu porozumiewania się pszczół.;30 lat temu austriacka osoba biologiczna otrzymała Nagrodę Nobla za odkrycie sposobu porozumiewania się pszczół.
0;Na północy pokrywa śnieżna sięga pół metra.;Na północy pokrywa śnieżna sięga pół metra.
0;Co tu dużo  gadać, mam porządnego pietra.;Co tu dużo  gadać, mam porządnego pietra.
1;U młodej dziewczyny psychiatra rozpoznał początki choroby psychicznej, dziewczyna myśli o samobójstwie.;U młodej dziewczyny osoba zajmująca się psychiatrią rozpoznała początki choroby psychicznej, dziewczyna myśli o samobójstwie.
1;Pracuje jako pediatra, więc czasu na pielenie grządek ma tyle, ile snu odmówi sobie bladym świtem: - Jadę na działkę rano, przed pracą, traktuję to jak poranną gimnastykę... - mówi.;Pracuje jako osoba zajmująca się pediatrią, więc czasu na pielenie grządek ma tyle, ile snu odmówi sobie bladym świtem: - Jadę na działkę rano, przed pracą, traktuję to jak poranną gimnastykę... - mówi.
1;Psychiatra przysuwa krzesło do leżanki i siada obok Bartodzieja z notesem w ręku.;Osoba zajmująca się psychiatrią przysuwa krzesło do leżanki i siada obok Bartodzieja z notesem w ręku.
1;Tymi wynikami badań nie jest zaskoczony Robert N. Butler, geriatra z Nowego Jorku.;Tymi wynikami badań nie jest zaskoczony Robert N. Butler, osoba z Nowego Jorku zajmująca się geriatrią.
1;"Psychiatra uznał, że z pacjentem wszystko w porządku, ale oczywiście całe miasteczko już szeptało, że to ""psychiczny"".";"Osoba zajmująca się psychiatrią uznała, że z pacjentem wszystko w porządku, ale oczywiście całe miasteczko już szeptało, że to ""psychiczny""."
0;Zbiornik fontanny ma około dwóch i pół metra głębokości.;Zbiornik fontanny ma około dwóch i pół metra głębokości.
0;Ale w kilkanaście minut później ta sama dziewczyna cisnęła w Adriana żółtą puszką po piwie tatra i zmusiła krzykami, aby się wycofał ze swojego ulubionego pokoju.;Ale w kilkanaście minut później ta sama dziewczyna cisnęła w Adriana żółtą puszką po piwie tatra i zmusiła krzykami, aby się wycofał ze swojego ulubionego pokoju.
1;Dr Maja Herman to psychiatrka, która aktywnie wypowiada się w mediach na tematy zdrowotne i społeczne.;Dr Maja Herman to osoba zajmująca się psychiatrią, która aktywnie wypowiada się w mediach na tematy zdrowotne i społeczne.
1;Leczył się u niej z depresji, twierdzi, że psychiatrka zaproponowała mu seks.;Leczył się u niej z depresji, twierdzi, że osoba zajmująca się psychiatrią zaproponowała mu seks.
1;Optometrka prowadząca synka używa Cyclopentolatu.;Osoba zajmująca się optometrią prowadząca synka używa Cyclopentolatu.
1;Ten optometra, do którego poszłam, ma całkiem solidne wykształcenie.;Ta osoba zajmująca się optometrią, do której poszłam, ma całkiem solidne wykształcenie.
1;Geriatrka radzi szczególnie uważnie przyglądać się tzw. trudnym przypadkom - takim, u których nie działają leki, którzy wymuszają kolejną receptę, kolejne skierowanie, u których nie można znaleźć konkretnej patologii albo po raz kolejny zmieniane są leki, bo nie działają.;Osoba zajmująca się geriatrią radzi szczególnie uważnie przyglądać się tzw. trudnym przypadkom - takim, u których nie działają leki, którzy wymuszają kolejną receptę, kolejne skierowanie, u których nie można znaleźć konkretnej patologii albo po raz kolejny zmieniane są leki, bo nie działają.
0;Mogę potępiać dzisiejsze gry Jarosława Kaczyńskiego, ale nigdy nie posunę się do twierdzenia, że ten człowiek nie odgrywał istotnej roli w antykomunistycznym podziemiu, czy później, kiedy stanęła kwestia przekazania w Polsce władzy.;Mogę potępiać dzisiejsze gry Jarosława Kaczyńskiego, ale nigdy nie posunę się do twierdzenia, że ten człowiek nie odgrywał istotnej roli w antykomunistycznym podziemiu, czy później, kiedy stanęła kwestia przekazania w Polsce władzy.
0;Ale przez to tworzysz wrażenie, że pewna problematyka pojawiła się dopiero wraz z komunizmem.;Ale przez to tworzysz wrażenie, że pewna problematyka pojawiła się dopiero wraz z komunizmem.
0;W parę tygodni po przybyciu kmdr. Hanrahana wpłynął do portu lekki krążownik amerykański.;W parę tygodni po przybyciu kmdr. Hanrahana wpłynął do portu lekki krążownik amerykański.
1;Rzecznik dyscypliny odmawia wszczęcia postępowania wyjaśniającego, jeżeli stwierdzi wystąpienie okoliczności wymienionej w art. 78 ust. 1.;Osoba rzecznicza dyscypliny odmawia wszczęcia postępowania wyjaśniającego, jeżeli stwierdzi wystąpienie okoliczności wymienionej w art. 78 ust. 1.
0;Czternaście osób zatruło się pałeczkami salmonellozy, poczas wesela, które odbyło się w miniony weekend w Puławach.;Czternaście osób zatruło się pałeczkami salmonellozy, poczas wesela, które odbyło się w miniony weekend w Puławach.
0;Stefan i Claudia zostali sfotografowani na lotnisku w Hamburgu, skąd udali się na wspólny urlop do Tajlandii.;Stefan i Claudia zostali sfotografowani na lotnisku w Hamburgu, skąd udali się na wspólny urlop do Tajlandii.
0;W zbiorach Muzeum Oręża Polskiego w Kołobrzegu znajduje się szabla krechowiacka, kompletna z pochwą, której francuska głownia wyprodukowana w 1842 r. pochodzi ze sławnej manufaktury w Chatellerault.;W zbiorach Muzeum Oręża Polskiego w Kołobrzegu znajduje się szabla krechowiacka, kompletna z pochwą, której francuska głownia wyprodukowana w 1842 r. pochodzi ze sławnej manufaktury w Chatellerault.
0;Akcja mitu toczy się w przeszłości całkowicie już oderwanej od związków z teraźniejszością, zupełnie odległej i odciętej od współczesności;Akcja mitu toczy się w przeszłości całkowicie już oderwanej od związków z teraźniejszością, zupełnie odległej i odciętej od współczesności
1;Ten ostatni, jako prawnik, gwarantować miał, że wszystko odbędzie się zgodnie z prawem.;Ten ostatni, jako osoba prawnicza, gwarantować miał, że wszystko odbędzie się zgodnie z prawem.
0;Środki na prefinansowanie udostępniane są w formie oprocentowanych pożyczek, z zastrzeżeniem ust. 5.;Środki na prefinansowanie udostępniane są w formie oprocentowanych pożyczek, z zastrzeżeniem ust. 5.
0;Nie narusza obowiązku zachowania tajemnicy zawodowej złożenie zawiadomienia o podejrzeniu popełnienia przestępstwa oraz udzielanie informacji w przypadkach określonych w ustawach.;Nie narusza obowiązku zachowania tajemnicy zawodowej złożenie zawiadomienia o podejrzeniu popełnienia przestępstwa oraz udzielanie informacji w przypadkach określonych w ustawach.
0;Zmiana płci jest łatwiejsza, niż dotychczas sądzono.;Zmiana płci jest łatwiejsza, niż dotychczas sądzono.
0;Mleczarnia zapewnia, że w zakwestionowanym mleku nie wykryto jakichkolwiek bakterii, które mogłyby powodować zatrucie.;Mleczarnia zapewnia, że w zakwestionowanym mleku nie wykryto jakichkolwiek bakterii, które mogłyby powodować zatrucie.
0;Zbocza góry stały się lodowiskiem, po którym nie sposób się było wdrapać do zamku.;Zbocza góry stały się lodowiskiem, po którym nie sposób się było wdrapać do zamku.
1;Jeszcze jedna wychowawczyni była w czasie jakichś tam zaocznych studiów biologii.;Jeszcze jedna osoba wychowawcza była w czasie jakichś tam zaocznych studiów biologii.
0;Zespół do spraw poprawy ochrony zabytków sakralnych, w których gromadzone są dobra narodowe, powstaje w Kielcach.;Zespół do spraw poprawy ochrony zabytków sakralnych, w których gromadzone są dobra narodowe, powstaje w Kielcach.
0;Pewien czteroletni chłopiec wypadł z jedenastego piętra wieżowca w amerykańskim mieście Albany w stanie Nowy Jork na betonowy chodnik i przeżył.;Pewien czteroletni chłopiec wypadł z jedenastego piętra wieżowca w amerykańskim mieście Albany w stanie Nowy Jork na betonowy chodnik i przeżył.
1;Pożegnali się pośpiesznie, bo pociąg, chory na sapiącą astmę, wtoczył się zziajany na małą stacyjkę, obok której w ogródku kwitło kilka czerwonych kwiatków, a przed nią zakwitł zawiadowca w czerwonej czapce.;Pożegnali się pośpiesznie, bo pociąg, chory na sapiącą astmę, wtoczył się zziajany na małą stacyjkę, obok której w ogródku kwitło kilka czerwonych kwiatków, a przed nią zakwitła osoba zawiadowcza czerwonej czapce.
0;Szybsze topnienie brzegów lodowca kompensowane jest przez zwiększone opady w środku kontynentu.;Szybsze topnienie brzegów lodowca kompensowane jest przez zwiększone opady w środku kontynentu.
1;Sędzini unika ich jak ognia.;Osoba sędziowska unika ich jak ognia.
1;Pani sędzia postąpiła zgodnie z prawem, bowiem obaj przyznali się do winy. ;Osoba sędziowska postąpiła zgodnie z prawem, bowiem obaj przyznali się do winy. 
1;To była zbrodnia usiłowania zabójstwa - grzmiał sędzia Jarosław Leszczyński.;To była zbrodnia usiłowania zabójstwa - grzmiała osoba sędziowska Jarosław Leszczyński.
1;W związku z tym sędzia miała świętą rację mówiąc, że katolicy mogą uważać to za zabójstwo ale nie mogą kogo innego nazywać mordercą.;W związku z tym sędzia miała świętą rację mówiąc, że katolicy mogą uważać to za zabójstwo ale nie mogą kogo innego nazywać mordercą.
1;Gdyby po kwadransie, po wywieszeniu pierwszego obraźliwego transparentu sędzia kazał ogłosić, że za chwilę przerwie mecz, jestem pewien, że nie doszłoby do palenia szalików, rzucania niebezpiecznych przedmiotów na murawę i nie trzeba byłoby zamykać stadionu.;Gdyby po kwadransie, po wywieszeniu pierwszego obraźliwego transparentu osoba sędziowska kazała ogłosić, że za chwilę przerwie mecz, jestem pewien, że nie doszłoby do palenia szalików, rzucania niebezpiecznych przedmiotów na murawę i nie trzeba byłoby zamykać stadionu.
1;W klasie okręgowej sędzia główny otrzyma 90 zł brutto.;W klasie okręgowej główna osoba sędziowska otrzyma 90 zł brutto.
1;Sekcja Krajowa Górnictwa składała poręczenie na etapie zażalenia na decyzję w sprawie zastosowania aresztu – mówi sędzia Rafał Lisak.;Sekcja Krajowa Górnictwa składała poręczenie na etapie zażalenia na decyzję w sprawie zastosowania aresztu – mówiła osoba sędziowska Rafał Lisak.
1;To nie może pani dawać dziecku normalnego mleka – dziwiła się sędzia Kubczak.;To nie może pani dawać dziecku normalnego mleka – dziwiła się osoba sędziowska Kubczak.
1;Młody mężczyzna skoczył na głowę z pierwszego piętra świdnickiego sądu tuż po tym, gdy sędzia wydał nakaz jego aresztowania.;Młody mężczyzna skoczył na głowę z pierwszego piętra świdnickiego sądu tuż po tym, gdy osoba sędziowska wydała nakaz jego aresztowania.
1;Podczas czwartkowej rozprawy sędzia Tomasz Sikora podkreślił, że sprawa jest skomplikowana i wymaga jeszcze od sądu zastanowienia.;Podczas czwartkowej rozprawy osoba sędziowska Tomasz Sikora podkreślił, że sprawa jest skomplikowana i wymaga jeszcze od sądu zastanowienia.
1;W opinii Andrzejewskiego dzięki wprowadzonym zmianom to sędzia będzie określać, co jest, a co nie jest pornografią.;W opinii Andrzejewskiego dzięki wprowadzonym zmianom to osoba sędziowska będzie określać, co jest, a co nie jest pornografią.
1;Podczas piątkowego posiedzenia sędzia Harz zapytała, czy sprawcy pobicia znają świadka i podała im jego imię i nazwisko.;Podczas piątkowego posiedzenia osoba sędziowska Harz zapytała, czy sprawcy pobicia znają świadka i podała im jego imię i nazwisko.
1;Zapanowała cisza, przede wszystkim ze zdumienia, że sędzia mógł znać imię skromnej Sary Grünspan mieszkającej na Legionów przy Cmentarnej.;Zapanowała cisza, przede wszystkim ze zdumienia, że osoba sędziowska mogła znać imię skromnej Sary Grünspan mieszkającej na Legionów przy Cmentarnej.
1;Wreszcie znalazł zielone, o których mówił sędzia, także pomalowane niedokładnie.;Wreszcie znalazł zielone, o których mówiła osoba sędziowska, także pomalowane niedokładnie.
1;Sędzia także to zauważył.;Osoba sędziowska także to zauważył.
1;Uznała to za niedopuszczalne i była ciekawa, czy sędzia to widzi.;Uznała to za niedopuszczalne i była ciekawa, czy osoba sędziowska to widzi.
1;To sędzia może na kundelka nałożyć zakaz szczekania.;To osoba sędziowska może na kundelka nałożyć zakaz szczekania.
1;Różowiutki sędzia uderzył pięścią w stół.;Różowiutka osoba sędziowska uderzyła pięścią w stół.
1;Ale przecież poprzednio - sędzia wydobył przeciągły ton z trąbki - poprzednio był pan przeciwny.;Ale przecież poprzednio - osoba sędziowska wydobyła przeciągły ton z trąbki - poprzednio był pan przeciwny.
1;Pani sędzia wymusiła na niej odstąpienie od pozwu, grożąc natychmiastowym wezwaniem pogotowia i przewiezieniem do szpitala psychiatrycznego.;Osoba sędziowska wymusiła na niej odstąpienie od pozwu, grożąc natychmiastowym wezwaniem pogotowia i przewiezieniem do szpitala psychiatrycznego.
1;5 rzutów karnych podyktował paragwajski sędzia w meczu Argentyna - Kolumbia (0:3) w turnieju Copa America.;5 rzutów karnych podyktowała paragwajska osoba sędziowska w meczu Argentyna - Kolumbia (0:3) w turnieju Copa America.
1;Po ostrym proteście MSZ sędzia federalny z Nowego Jorku Eugene Nickerson wystosował wczoraj formalną prośbę do polskich władz o pomoc w tej sprawie.;Po ostrym proteście MSZ federalna osoba sędziowska z Nowego Jorku Eugene Nickerson wystosowała wczoraj formalną prośbę do polskich władz o pomoc w tej sprawie.
1;Dwie minuty przed końcem gry, przy stanie 2:1 dla gości, sędzia podyktował dla nich bardzo dyskusyjny rzut karny po starciu bramkarza Napoli Giovanniego Galli ze Schillacim.;Dwie minuty przed końcem gry, przy stanie 2:1 dla gości, osoba sędziowska podyktowała dla nich bardzo dyskusyjny rzut karny po starciu bramkarza Napoli Giovanniego Galli ze Schillacim.
1;Histerycznie zachowywała się też, gdy sędzia ogłosił wyrok: 5 lat ciężkiego więzienia.;Histerycznie zachowywała się też, gdy osoba sędziowska ogłosiła wyrok: 5 lat ciężkiego więzienia.
1;Minęło 90 regulaminowych minut, ale sędzia nakazał doliczyć jeszcze kolejne cztery.;Minęło 90 regulaminowych minut, ale osoba sędziowska nakazała doliczyć jeszcze kolejne cztery.
1;Sędzia powtarzał manipulacje z kartami, tymczasem zanim ktokolwiek zdołał zapytać, co się stało, Piekarski rozpiął pasy i wyskoczył z wozu.;Osoba sędziowska powtarzała manipulacje z kartami, tymczasem zanim ktokolwiek zdołał zapytać, co się stało, Piekarski rozpiął pasy i wyskoczył z wozu.
1;Więc po np. 15 latach, rozpatrując prośbę o przedterminowe warunkowe zwolnienie bezwzględnego charakteropaty, sędzia penitencjarny przegląda zakurzone akta, które niewiele mówią, a w każdym razie nie zawierają ładunku grozy i społecznych emocji towarzyszących przed laty przestępstwu i... puszcza człowieka.;Więc po np. 15 latach, rozpatrując prośbę o przedterminowe warunkowe zwolnienie bezwzględnego charakteropaty, penitencjarna osoba sędziowska przegląda zakurzone akta, które niewiele mówią, a w każdym razie nie zawierają ładunku grozy i społecznych emocji towarzyszących przed laty przestępstwu i... puszcza człowieka.
1;Potem sędzia H. miał otrzymać jeszcze mercedesa i 15 tys. złotych łapówki od Andrzeja D.;Potem osoba sędziowska H. miał otrzymać jeszcze mercedesa i 15 tys. złotych łapówki od Andrzeja D.
1;Każdy sędzia będzie miał pod pulpitem dwa guziki.;Każda osoba sędziowska będzie miała pod pulpitem dwa guziki.
1;Skąd parlamentarzysta Platformy Obywatelskiej Jarosław Wałęsa (30 l.) ma kilkaset tysięcy dolarów w obligacjach?;Skąd osoba parlamentarystyczna Platformy Obywatelskiej Jarosław Wałęsa (30 l.) ma kilkaset tysięcy dolarów w obligacjach?
0;7 lipca 2000 roku w Sopocie odbędzie się uroczysta inauguracja działalności stacji muzycznej MTV Polska.;7 lipca 2000 roku w Sopocie odbędzie się uroczysta inauguracja działalności stacji muzycznej MTV Polska.
1;Proszę bardzo - westchnął nieziemsko cierpliwy kulturysta i wyciągnął skądś z samego środka bałaganu nie opisaną dyskietkę.;Proszę bardzo - westchnął nieziemsko cierpliwy kulturysta i wyciągnął skądś z samego środka bałaganu nie opisaną dyskietkę.
0;Uroczysta msza święta w intencji reprezentacji Polski w piłce nożnej została odprawiona w piątek w Kazimierzu Dolnym.;Uroczysta msza święta w intencji reprezentacji Polski w piłce nożnej została odprawiona w piątek w Kazimierzu Dolnym.
0;Z niemieckich dróg korzysta rocznie od 4,5 do 5 milionów ciężarówek.;Z niemieckich dróg korzysta rocznie od 4,5 do 5 milionów ciężarówek.
0;Nieco podobnie, trzysta lat później, naiwną imitacją - w najlepszym znaczeniu tego słowa - kubizmu były obrazy Tadeusza Makowskiego, także urodzonego w Oświęcimiu.;Nieco podobnie, trzysta lat później, naiwną imitacją - w najlepszym znaczeniu tego słowa - kubizmu były obrazy Tadeusza Makowskiego, także urodzonego w Oświęcimiu.
1;Artysta odleciał do Egiptu, gdzie wystąpi na dwóch koncertach.;Osoba artystyczna odleciała do Egiptu, gdzie wystąpi na dwóch koncertach.
0;Bo gdy ktoś pracuje a ktoś inny korzysta z zabranych pod przymusem owoców jego pracy nie dając mu w zamian żadnych usług - mamy do czynienia z niewolnictwem.;Bo gdy ktoś pracuje a ktoś inny korzysta z zabranych pod przymusem owoców jego pracy nie dając mu w zamian żadnych usług - mamy do czynienia z niewolnictwem.
0;Zawsze przed piciem czegokolwiek ze szklanki sprawdzam czy jest czysta.;Zawsze przed piciem czegokolwiek ze szklanki sprawdzam czy jest czysta.
1;Certyfikatysta bił w nich kasarnianym słtiwem jak pięścią, która też była nie od parady.;Osoba certyfikatystyczna biła w nich kasarnianym słtiwem jak pięścią, która też była nie od parady.
0;To jest imię twojej duszy, która jest czysta jak śnieg.;To jest imię twojej duszy, która jest czysta jak śnieg.
1;Artysta nie wiedział jednak, w co wdeptuje, kiedy przedstawiał wizję Jacksonlandu w kraju Przedmurza i Wartości.;Osoba artystyczna nie wiedział jednak, w co wdeptuje, kiedy przedstawiał wizję Jacksonlandu w kraju Przedmurza i Wartości.
1;"Artystka, jak plotki głoszą, dała historycznej ""S"" rabat i zaśpiewała za jedyne 30 tys. zetów.";"Osoba artystyczna, jak plotki głoszą, dała historycznej ""S"" rabat i zaśpiewała za jedyne 30 tys. zetów."
1;Raz na kwartał zdarzy się dziecko, które tak przeraża dentysta, że nie ma mowy, by usiadło na fotel.;Raz na kwartał zdarzy się dziecko, które tak przeraża osoba dentystyczna, że nie ma mowy, by usiadło na fotel.
1;"O Leszku Millerze piszą wszyscy, więc napisał też subtelny artysta w ""Tygodniku Solidarność”.";"O Leszku Millerze piszą wszyscy, więc napisał też subtelna osoba artystyczna w ""Tygodniku Solidarność”."
1;Artysta w rozległych przestrzeniach obrazu umieszcza znaki, które można porównać do przedmiotów o zredukowanych kształtach.;Artysta w rozległych przestrzeniach obrazu umieszcza znaki, które można porównać do przedmiotów o zredukowanych kształtach.
1;Masażystka, 30 lat: - Być może mogę urodzić za dwa lata, kiedy z macierzyńskiego wróci koleżanka, która uzgodniła z szefową, że może teraz zachodzić w ciążę.;Osoba masażystyczna, 30 lat: - Być może mogę urodzić za dwa lata, kiedy z macierzyńskiego wróci koleżanka, która uzgodniła z szefową, że może teraz zachodzić w ciążę.
0;Ze statystyk wynika, że dziennie z usług Connexu korzysta 157 000 osób.;Ze statystyk wynika, że dziennie z usług Connexu korzysta 157 000 osób.
0;To wcale nie jest moja historia ojczysta - odparłem.;To wcale nie jest moja historia ojczysta - odparłem.
1;Klik to komiks erotyczny, którego autorem jest włoski scenarzysta Milo Manara.;Klik to komiks erotyczny, którego autorem jest włoska osoba scenopisarska Milo Manara.
0;Wykład pisma świętego może w rzeczywistości stać się narzędziem antychrysta.;Wykład pisma świętego może w rzeczywistości stać się narzędziem antychrysta.
0;Uwagę zwraca szczególna kolorystyka i rodzaj światła, jakie zostały uchwycone w malarskich impresjach.;Uwagę zwraca szczególna kolorystyka i rodzaj światła, jakie zostały uchwycone w malarskich impresjach.
1;"Z początkiem 1889 roku wiąże się z ""Kurierem Lwowskim”, gdzie przez dwanaście lat pracuje jako publicysta.";"Z początkiem 1889 roku wiąże się z ""Kurierem Lwowskim”, gdzie przez dwanaście lat pracuje jako osoba publicystyczna."
1;Parlamentarzysta nie chce uczestniczyć w kluczowej dla współczesnej Europy debacie: jak budować poczucie obywatelskiej wspólnoty i wzajemnego zaufania w wielokulturowym świecie.;Osoba parlamentarzystyczna nie chce uczestniczyć w kluczowej dla współczesnej Europy debacie: jak budować poczucie obywatelskiej wspólnoty i wzajemnego zaufania w wielokulturowym świecie.
1;Rodzi się pytanie, jaka jest struktura wiedzy, z której korzysta profesjonalista?;Rodzi się pytanie, jaka jest struktura wiedzy, z której korzysta osoba profesjonalistyczna?
1;Mirosław S. Żochowski, o którym publicysta mówi: - Pan Żochowski jest arcy-Polakiem.;Mirosław S. Żochowski, o którym osoba publicystyczna mówi: - Pan Żochowski jest arcy-Polakiem.
1;Wiesz, teraz zrozumiałem, że artysta jest człowiekiem publicznym.;Wiesz, teraz zrozumiałem, że osoba artystyczna jest człowiekiem publicznym.
1;Ta artystka jest najbardziej wziętą organizatorką przyjęć w Trójmieście.;Ta osoba artystyczna jest najbardziej wziętą organizatorką przyjęć w Trójmieście.
1;W młodości świetnie się zapowiadający, a później raczej niespełniony artysta, strzelił trzykrotnie z bliskiej odległości przez futro w plecy Gabriela Narutowicza, który tylko przez 3 dni sprawował najwyższy w kraju urząd.;W młodości świetnie się zapowiadający, a później raczej niespełniona osoba artystyczna, strzelił trzykrotnie z bliskiej odległości przez futro w plecy Gabriela Narutowicza, który tylko przez 3 dni sprawował najwyższy w kraju urząd.
0;Droga górzysta i pusta: ani samochodów, ani stad bydła.;Droga górzysta i pusta: ani samochodów, ani stad bydła.
0;Przeprosiny poprzedziła uroczysta Msza św. odprawiona na plaży, w stanie Bahia, gdzie 26 kwietnia 1500 r. franciszkanin Henrique de Coimbra celebrował, w cztery dni po przybyciu tam Portugalczyków, pierwszą Mszę św. na ziemi brazylijskiej.;Przeprosiny poprzedziła uroczysta Msza św. odprawiona na plaży, w stanie Bahia, gdzie 26 kwietnia 1500 r. franciszkanin Henrique de Coimbra celebrował, w cztery dni po przybyciu tam Portugalczyków, pierwszą Mszę św. na ziemi brazylijskiej.
1;Utalentowana artystka zachwyciła wszystkich, choć znalazł się mężczyzna, który niecelnie rzucał w nią jajkami.;Utalentowana osoba artystyczna zachwyciła wszystkich, choć znalazł się mężczyzna, który niecelnie rzucał w nią jajkami.
1;"Dwanaście pięter wyżej odlepiła nos od szyby stażystka w ""Bazarze Warszawskim"".";"Dwanaście pięter wyżej odlepiła nos od szyby osoba odbywająca staż w ""Bazarze Warszawskim""."
1;Artystka zażądała czarnej kotary i profesjonalnego oświetlenia.;Osoba artystyczna zażądała czarnej kotary i profesjonalnego oświetlenia.
1;Artysta ma być również gościem tegorocznego Międzynarodowego Festiwalu Sztuki Autorów Zdjęć Filmowych Camerimage w Łodzi.;Osoba artystyczna ma być również gościem tegorocznego Międzynarodowego Festiwalu Sztuki Autorów Zdjęć Filmowych Camerimage w Łodzi.
1;"Najgłośniejszy japoński scenarzysta zyskał światową sławę przede wszystkim dzięki swemu historycznemu filmowi ""Rashomon"", uhonorowanemu na festiwalu filmowym w Wenecji w 1951.";"Najgłośniejsza japońska osoba scenopisarska zyskała światową sławę przede wszystkim dzięki swemu historycznemu filmowi ""Rashomon"", uhonorowanemu na festiwalu filmowym w Wenecji w 1951."
1;Dziś artysta idzie na wojnę z komuną, a ujawniona w słowach piosenek postawa ma charakter jasno określony w sensie politycznym.;Dziś osoba artystyczna idzie na wojnę z komuną, a ujawniona w słowach piosenek postawa ma charakter jasno określony w sensie politycznym.
0;Matką kociąt jest SAMIRA ELMRIDGE, kotka srebrzysta cętkowana, która przyjechała z Wielkiej Brytanii do Polski w maju 2006 roku, a ojcem MATIKI'S AMULET OF SCHOOERTJES, kocur srebrzysty cętkowany, pochodzący z jednej z najstarszych i najbardziej zasłużonych amerykańskich hodowli, obecnie mieszkający w Holandii.;Matką kociąt jest SAMIRA ELMRIDGE, kotka srebrzysta cętkowana, która przyjechała z Wielkiej Brytanii do Polski w maju 2006 roku, a ojcem MATIKI'S AMULET OF SCHOOERTJES, kocur srebrzysty cętkowany, pochodzący z jednej z najstarszych i najbardziej zasłużonych amerykańskich hodowli, obecnie mieszkający w Holandii.
0;Zwyciężyła po raz pierwszy kobieta, 22-letnia Portugalka.;Zwyciężyła po raz pierwszy kobieta, 22-letnia Portugalka.
1;Wszyscy byli po imieniu, bo terapeutka tak kazała.;Wszyscy byli po imieniu, bo osoba terapeucka tak kazała.
1;Główną bohaterką książki S. K. Vaughn jest Maryam „May” Knox, czarnoskóra astronautka, która osiągnęła znaczny sukces zawodowy.;Główną bohaterką książki S. K. Vaughn jest Maryam „May” Knox, czarnoskóra osoba astronaucka, która osiągnęła znaczny sukces zawodowy.
1;Właścicielka 3 aptek we Wrocławiu, 72-letnia farmaceutka w ciągu zaledwie 5 lat sprzedała w swoich placówkach 200 tysięcy opakowań leków z pseudoefedryną.;Właścicielka 3 aptek we Wrocławiu, 72-letnia osoba farmaceucka w ciągu zaledwie 5 lat sprzedała w swoich placówkach 200 tysięcy opakowań leków z pseudoefedryną.
1;Straciła zezwolenie i została oskarżona. 72-letnia farmaceutka sprzedawała więcej niż jej pracownicy.;Straciła zezwolenie i została oskarżona. 72-letnia osoba farmaceucka sprzedawała więcej niż jej pracownicy.
1;Farmaceuta z definicji specjalizuje się w dwóch dziedzinach - jakości leku oraz skuteczności i bezpieczeństwa farmakoterapii.;Osoba farmaceucka z definicji specjalizuje się w dwóch dziedzinach - jakości leku oraz skuteczności i bezpieczeństwa farmakoterapii.
1;Geodeta zajmuje się m.in. wykonywaniem pomiarów terenowych, sporządzaniem map, planów sytuacyjnych oraz inwentaryzacyjnych.;Osoba geodecka zajmuje się m.in. wykonywaniem pomiarów terenowych, sporządzaniem map, planów sytuacyjnych oraz inwentaryzacyjnych.
1;Geodeta na budowie również jest niezbędny do zawiadomienia o zakończeniu budowy obiektu budowlanego.;Osoba geodecka na budowie również jest niezbędny do zawiadomienia o zakończeniu budowy obiektu budowlanego.
1;Geodetka z AGH opowiadała w TVP o swojej pracy.;Osoba geodecka z AGH opowiadała w TVP o swojej pracy.
1;Wróżbita przepowiedział Tomkowi że będzie długo żył i w dalekim kraju znajdzie to czego inni szukają.;Osoba wróżbicka przepowiedział Tomkowi że będzie długo żył i w dalekim kraju znajdzie to czego inni szukają.
1;Nasz wróżbita przepowiedział, że czekają nas wielkie zmiany.;Nasza osoba wróżbicka przepowiedziała, że czekają nas wielkie zmiany.
1;Ciągle chodzi Ci po głowie, że może go mieć ta wróżbitka.;Ciągle chodzi Ci po głowie, że może go mieć ta wróżbitka.
1;Ta wróżbitka wie wszystko na Twój temat!;Ta osoba wróżbicka wie wszystko na Twój temat!
1;Podczas pierwszej wizyty ortodonta przeprowadza szczegółowy wywiad, dokonuje badania klinicznego i ocenia dokumentację medyczną.;Podczas pierwszej wizyty osoba ortodoncka przeprowadza szczegółowy wywiad, dokonuje badania klinicznego i ocenia dokumentację medyczną.
1;Aby móc oferować zabiegi korekcyjne, ortodonta bada ruch zębów.;Aby móc oferować zabiegi korekcyjne, osoba ortodoncka bada ruch zębów.
1;Jako ortodontka zajmuję się wadami zgryzu.;Jako osoba ortodoncka zajmuję się wadami zgryzu.
1;Fizjoterapeutka z doświadczeniem w pracy z dziećmi i dorosłymi od 2008 roku.;Osoba fizjoterapeucka z doświadczeniem w pracy z dziećmi i dorosłymi od 2008 roku.
0;Fotografia lub odbitka znaku towarowego może być wykonana dowolną techniką umożliwiającą ich reprodukcję.;Fotografia lub odbitka znaku towarowego może być wykonana dowolną techniką umożliwiającą ich reprodukcję.
0;Starsza kobieta, niestety, uwierzyła w tę bajeczkę.;Starsza kobieta, niestety, uwierzyła w tę bajeczkę.
0;Kobieta całuje go w czoło.;Kobieta całuje go w czoło.
1;Istnieją wszelkie przesłanki do przypuszczenia, że pierwszy astronauta - także Rosjanin - wyląduje na Księżycu w roku 1970.;Istnieją wszelkie przesłanki do przypuszczenia, że pierwsza osoba astronaucka - także Rosjanin - wyląduje na Księżycu w roku 1970.
1;Farmaceuta to jeden z najbardziej pożądanych zawodów na rynku pracy województwa śląskiego.;Osoba farmaceucka to jeden z najbardziej pożądanych zawodów na rynku pracy województwa śląskiego.
0;Sylwetka ćmy jest krępa, lecz niewielkich rozmiarów.;Sylwetka ćmy jest krępa, lecz niewielkich rozmiarów.
1;Nie chcę nic sugerować, ale jest tam jedna fajna, prawie bezbłędna poetka.;Nie chcę nic sugerować, ale jest tam jedna fajna, prawie bezbłędna osoba poecka.
1;A prawdziwy poeta to młodo umrzeć powinen.;A prawdziwa osoba poecka to młodo umrzeć powinna.
1;Kto by nie chciał mieć wszystkiego w tubce, jak kosmonautka?;Kto by nie chciał mieć wszystkiego w tubce, jak osoba kosmonaucka?
1;Bo przez tych ludzi, których spotkałem, pracując jako psychoterapeuta, poznałem potem Michała Lorenca.;Bo przez tych ludzi, których spotkałem, pracując jako osoba psychoterapeucka, poznałem potem Michała Lorenca.
0;Gdy dwaj bracia, w wieku 22 i 24 lat poczuli się źle, wezwano pogotowie, ale zanim dojechała karetka, starszy mężczyzna zmarł.;Gdy dwaj bracia, w wieku 22 i 24 lat poczuli się źle, wezwano pogotowie, ale zanim dojechała karetka, starszy mężczyzna zmarł.
0;Wilk odprowadzał go wzrokiem, aż ciemna sylwetka rozpłynęła się w mroku korytarza.;Wilk odprowadzał go wzrokiem, aż ciemna sylwetka rozpłynęła się w mroku korytarza.
0;Podobnie jak biureta, pipeta taka podzielona jest na całej swej długości na dziesiętne części mililitra.;Podobnie jak biureta, pipeta taka podzielona jest na całej swej długości na dziesiętne części mililitra.
0;Ankieta przeprowadzona przez sieć telewizyjną Fox zapowiada, że książka Moniki Lewinsky o jej stosunkach seksualnych prawie zupełnie nie interesuje Amerykanów.;Ankieta przeprowadzona przez sieć telewizyjną Fox zapowiada, że książka Moniki Lewinsky o jej stosunkach seksualnych prawie zupełnie nie interesuje Amerykanów.
0;Prędzej czy później można było liczyć, że Anita przyjmie jego zaproszenie.;Prędzej czy później można było liczyć, że Anita przyjmie jego zaproszenie.
0;Ta kobieta jednego dnia straciła męża i dowiedziała się o śmiertelnej chorobie swej córki.;Ta kobieta jednego dnia straciła męża i dowiedziała się o śmiertelnej chorobie swej córki.
0;Ani rozpustnicy, ani cudzołożnicy, ani rozwiąźli, ani mężczyźni współżyjący z mężczyznami nie wejdą do królestwa Bożego.;Ani rozpustnicy, ani cudzołożnicy, ani rozwiąźli, ani mężczyźni współżyjący z mężczyznami nie wejdą do królestwa Bożego.
0;Literatura pozytywistyczna stworzyła wzorzec człowieka, któremu szło o szybkie dorobienie się dzięki menedżerskiej pracy umysłowej, choć w razie potrzeby umiał zakasać rękawy na przykład przy budowie własnej fabryki.;Literatura pozytywistyczna stworzyła wzorzec człowieka, któremu szło o szybkie dorobienie się dzięki menedżerskiej pracy umysłowej, choć w razie potrzeby umiał zakasać rękawy na przykład przy budowie własnej fabryki.
1;Przede wszystkim chcę pomagać ludziom i nie jest dla mnie istotne, czy będę to robił jako bioterapeuta.;Przede wszystkim chcę pomagać ludziom i nie jest dla mnie istotne, czy będę to robił jako osoba bioterapeucka.
1;Niedawno także na Podhale trafiła kaseta z nagraniem pobytu prezydenta Aleksandra Kwaśniewskiego na uroczystościach w Charkowie.;Niedawno także na Podhale trafiła kaseta z nagraniem, jak osoba prezydencka Aleksander Kwaśniewski uczestniczy w uroczystościach w Charkowie.
0;A moja zaciekłość bierze się stąd, że mam reminiscencje z przykrym incydentem, który relacjonowałem prawie siedem lat temu.;A moja zaciekłość bierze się stąd, że mam reminiscencje z przykrym incydentem, który relacjonowałem prawie siedem lat temu.
0;Gracie Hart, kobieta zaniedbana i o zapatrywaniach feministycznych otrzymuje zadanie udaremnienia przygotowywanego zamachu na konkurs piękności Miss Ameryki.;Gracie Hart, kobieta zaniedbana i o zapatrywaniach feministycznych otrzymuje zadanie udaremnienia przygotowywanego zamachu na konkurs piękności Miss Ameryki.
0;Nie, ona to robi z miłości, żeby ratować związek, żeby utrzymać tego faceta przy sobie, chce go chociaż tak zaspokoić, skoro nie potrafi w tym, co najważniejsze dla mężczyzny.;Nie, ona to robi z miłości, żeby ratować związek, żeby utrzymać tego faceta przy sobie, chce go chociaż tak zaspokoić, skoro nie potrafi w tym, co najważniejsze dla mężczyzny.
0;"Oprócz wątka sakralnego, który towarzyszyć będzie autorowi przez całe życie, szczególnie bliskiego wielu tym, którzy, jak Paszkiewicz, w bardzo młodym wieku zetknęli się z tragedią obozów koncentracyjnych, upodleniem, rozpaczą, gwałtowną śmiercią lub jej przeciwieństwem - powolnym umieraniem z głodu i wycieńczenia, ujawnia się tu głęboko humanistyczny i humanitarny zarazem krzyk w obronie ""ginących w nicość i samotność"", próba uratowania ich od ostatecznego unicestwienia.";"Oprócz wątka sakralnego, który towarzyszyć będzie autorowi przez całe życie, szczególnie bliskiego wielu tym, którzy, jak Paszkiewicz, w bardzo młodym wieku zetknęli się z tragedią obozów koncentracyjnych, upodleniem, rozpaczą, gwałtowną śmiercią lub jej przeciwieństwem - powolnym umieraniem z głodu i wycieńczenia, ujawnia się tu głęboko humanistyczny i humanitarny zarazem krzyk w obronie ""ginących w nicość i samotność"", próba uratowania ich od ostatecznego unicestwienia."
0;W Polsce roślina bardzo pospolita na całym obszarze, jest jedną z najbardziej pospolitych naszych traw.;W Polsce roślina bardzo pospolita na całym obszarze, jest jedną z najbardziej pospolitych naszych traw.
0;Ulica Matejki jest zamknięta dla ruchu kołowego na odcinku od skrzyżowania z ul. Szczecińską do ul. Nadrzecznej.;Ulica Matejki jest zamknięta dla ruchu kołowego na odcinku od skrzyżowania z ul. Szczecińską do ul. Nadrzecznej.
0;Kiedy wieczorem po raz kolejny przegryzał całą historię, oprócz żalu i rozczarowania odkrył w sobie także uczucie ulgi.;Kiedy wieczorem po raz kolejny przegryzał całą historię, oprócz żalu i rozczarowania odkrył w sobie także uczucie ulgi.
0;Makuch makowy zawierający do 12% tłuszczu i do 36% białka stanowi cenną paszę.;Makuch makowy zawierający do 12% tłuszczu i do 36% białka stanowi cenną paszę.
0;Ojciec był zapalonym myśliwym i często wybierał się na polowania, zasilając w ten sposób naszą spiżarnię.;Ojciec był zapalonym myśliwym i często wybierał się na polowania, zasilając w ten sposób naszą spiżarnię.
1;"Stan cywilny: wdowiec, jedno dziecko (farmaceuta w najstarszej aptece w Nowym Sączu, w rynku ""Pod Orłem"").";"Stan cywilny: wdowiec, jedno dziecko (osoba farmaceucka w najstarszej aptece w Nowym Sączu, w rynku ""Pod Orłem"")."
0;Numer telefonu miał być za to w książce telefonicznej komórki, którą znaleziono w samochodzie Kościelniaka.;Numer telefonu miał być za to w książce telefonicznej komórki, którą znaleziono w samochodzie Kościelniaka.
0;Z minibusu dwóch chłopaków w dżinsach i adidasach, z białymi opaskami na włosach wyprowadza grubą kobietę w łachmanach.;Z minibusu dwóch chłopaków w dżinsach i adidasach, z białymi opaskami na włosach wyprowadza grubą kobietę w łachmanach.
0;Obok leżał rower, którym jechała kobieta.;Obok leżał rower, którym jechała kobieta.
1;Jeszcze dalej, najdalej ze wszystkich romantyków naszych, poszedł poznański poeta, wołając: Z nami Bóg!;Jeszcze dalej, najdalej ze wszystkich romantyków naszych, poszła poznańska osoba poecka, wołając: Z nami Bóg!
0;To spotkanie będzie okazją do dobrej zabawy gromady dzieci specjalnej troski.;To spotkanie będzie okazją do dobrej zabawy gromady dzieci specjalnej troski.
0;Śliczne czapki, brązowe z czarnym aksamitem, na które każdy z nas spoglądał ze słuszną dumą.;Śliczne czapki, brązowe z czarnym aksamitem, na które każdy z nas spoglądał ze słuszną dumą.
0;Na tej wyspie Mielt jak byliśmy to maluchy nasze przerobione na kabriolety z nalepką ford jeździły jako dwuosobowe auta wycieczkowe;Na tej wyspie Mielt jak byliśmy to maluchy nasze przerobione na kabriolety z nalepką ford jeździły jako dwuosobowe auta wycieczkowe
0;Ojciec nie chciał nawet o tym słyszeć.;Ojciec nie chciał nawet o tym słyszeć.
1;Nie ma takiego leku ani terapii - mówi psychoterapeuta Lin Jing Hua.;Nie ma takiego leku ani terapii - mówi osoba psychoterapeucka Lin Jing Hua.
0;Nitka naprawdę tańczyła z igiełką?;Nitka naprawdę tańczyła z igiełką?
1;A w hipnozie terapeuta podaje te formułki i rozwija, podkreśla i uzasadnia.;A w hipnozie osoba terapeucka podaje te formułki i rozwija, podkreśla i uzasadnia.
1;My tylko możemy w cichości ducha podziwiać i przeżywać to, co wielki poeta nam zostawił.;My tylko możemy w cichości ducha podziwiać i przeżywać to, co wielka osoba poecka nam zostawiła.
1;Kiedyś była tu kaplica, teraz po wybudowaniu dużego kościoła, pomieszczenia służą i warsztatom i organizacji wystaw – mówi Irena Zagórska, terapeutka prowadząca zajęcia w ramach warsztatów Terapii Zajęciowej przy Parafii Najświętszego Serca Pana Jezusa na Łapiszewie.;Kiedyś była tu kaplica, teraz po wybudowaniu dużego kościoła, pomieszczenia służą i warsztatom i organizacji wystaw – mówi Irena Zagórska, osoba terapeucka prowadząca zajęcia w ramach warsztatów Terapii Zajęciowej przy Parafii Najświętszego Serca Pana Jezusa na Łapiszewie.
1;BIAZET S.A. ul.Gen.Władysława Andersa 44 15-113 Białystok, poszukuje kandydatów do pracy na stanowisko: rozdzielca.;BIAZET S.A. ul.Gen.Władysława Andersa 44 15-113 Białystok, poszukuje kandydatów do pracy na stanowisko: osoba rozdzielcz.
1;Scenarzysta przygotowuje teksty literackie (scenariusze), które zawierają opis akcji i dialogi oraz didaskalia;Osoba scenopisarska przygotowuje teksty literackie (scenariusze), które zawierają opis akcji i dialogi oraz didaskalia
1;Wiktor Piątkowski to znany w świecie kina polski scenarzysta,;Wiktor Piątkowski to znany w świecie kina polski osoba scenopisarska,
1;"Scenarzysta ""House of Cards"" zekranizuje ""Wojnę i pokój""";"Osoba scenopisarska ""House of Cards"" zekranizuje ""Wojnę i pokój"""
1;Dzięki swojej wiedzy rzeczoznawca może określić wartość pojazdu, koszty jego eksploatacji, autentyczność przebiegu i stan techniczny;Dzięki swojej wiedzy osoba rzeczoznawcza może określić wartość pojazdu, koszty jego eksploatacji, autentyczność przebiegu i stan techniczny
1;Rzeczoznawca majątkowy określa wartość nieruchomości oraz wartość maszyn i urządzeń trwale związanych z nieruchomością.;Osoba rzeczoznawcza majątkowy określa wartość nieruchomości oraz wartość maszyn i urządzeń trwale związanych z nieruchomością.
1;Nasz rzeczoznawca sporządzi także ekspertyzy odnośnie wartości nieruchomości komercyjnych i mieszkaniowych - domów mieszkalnych, mieszkań oraz działek.;Nasza osoba rzeczoznawcza sporządzi także ekspertyzy odnośnie wartości nieruchomości komercyjnych i mieszkaniowych - domów mieszkalnych, mieszkań oraz działek.
1;Wychowawca powinien odgrywać kluczową rolę w procesie wychowania i nauczania, pełnić rolę przewodnika po świecie wiedzy i autorytetu dla młodych osób;Osoba wychowawcza powinien odgrywać kluczową rolę w procesie wychowania i nauczania, pełnić rolę przewodnika po świecie wiedzy i autorytetu dla młodych osób
1;Ponadto wychowawca ma znacznie więcej dokumentacji do wypełnienia, co pochłania większą ilość czasu.;Ponadto osoba wychowawcza ma znacznie więcej dokumentacji do wypełnienia, co pochłania większą ilość czasu.
1;Ponadto, wychowawca w placówkach pozaszkolnych powinien zapobiegać ewentualnym patologiom (np. agresji, narkomanii, alkoholizmowi) wśród uczniów;Ponadto, osoba wychowawcza w placówkach pozaszkolnych powinien zapobiegać ewentualnym patologiom (np. agresji, narkomanii, alkoholizmowi) wśród uczniów
1;Aby pracować jako dozorca trzeba posiadać minimum wykształcenie podstawowe oraz ogólną wytrzymałość fizyczną;Aby pracować jako osoba dozorcza trzeba posiadać minimum wykształcenie podstawowe oraz ogólną wytrzymałość fizyczną
1;Pewnego dnia bogaty żigolak, który musi wyjechać na kilka tygodni, prosi go, by zaopiekował się jego cennym akwarium.;Pewnego dnia bogaty osoba żigolacka, który musi wyjechać na kilka tygodni, prosi go, by zaopiekował się jego cennym akwarium.
1;Za namową byłej dziewczyny, która już była w branży, mężczyzna postanowił spróbować swoich sił jako żigolak.;Za namową byłej dziewczyny, która już była w branży, mężczyzna postanowił spróbować swoich sił jako osoba żigolacka.
1;Spokojnie pracując i godziwie zarabiając jako ekskluzywny żigolak zostaje wrobiony w morderstwo i próbuje oczyścić swoje dobre imię.;Spokojnie pracując i godziwie zarabiając jako ekskluzywna osoba żigolacka zostaje wrobiony w morderstwo i próbuje oczyścić swoje dobre imię.
1;Naukę języka obcego, jak uważa językoznawca, można rozpocząć bardzo wcześnie.;Naukę języka obcego, jak uważa osoba językoznawcza, można rozpocząć bardzo wcześnie.